ID;District;Elevation;Slope;Aspect;Aspect_num;ELE;ELE_Geo;Age;Dg;HL;V;SI;geology;geology2;Geo;Geology3;TPI200;TPI500;TPI1000;TPI2000;SP200;SP500;SP1000;SP2000
1;Wêgierska Górka;900;16;NE;69;2;20;67;24,91595038;24,50504391;449,9407866;32,3;Slaska;Slaska;0;Godulskie gorne;20,885;77,326;131,59;63,342;6;6;6;6
2;Ujsoˆy;970;11;SW;255;3;31;78;33,51151614;28,10696478;660,0044182;32,7;Magurska;Magurska;1;Warstwy Magurskie;26,844;85,205;141,02;109,53;6;6;6;6
3;Wisˆa;578;3;NE;70;1;10;94;39,09500847;33,10124859;568,4594166;35,7;Slaska;Slaska;0;Godulskie gorne;-12,622;-33,795;-5,0292;28,743;1;1;4;4
4;Ujsoˆy;880;24;NW;355;2;21;108;43,50993363;35,96230491;874,164381;37,4;Magurska;Magurska;1;Warstwy Magurskie;24,252;64,434;100,6;104,04;6;6;6;6
5;Ujsoˆy;875;25;NE;0;2;21;58;29,35380238;27,30412395;462,7555559;37,5;Magurska;Magurska;1;Warstwy Magurskie;8,851;27,613;54,754;93,135;5;5;5;6
6;Ujsoˆy;990;11;NW;270;3;31;87;40,49769224;30,87993342;708,2353078;33,7;Magurska;Magurska;1;Warstwy ˆ¥ckie;9,0194;9,7086;27,768;51,754;5;4;5;5
7;Wêgierska Górka;920;3;SW;198;2;20;60;24,69261943;21,03257635;521,7303148;30,4;Slaska;Slaska;0;Godulskie gorne;3,2529;8,8849;26,011;22,709;4;4;4;4
8;Ujsoˆy;735;12;NE;10;1;11;66;30,37010592;30,60616521;774,1846272;39;Magurska;Magurska;1;Warstwy ropianieckie;-0,30444;-1,8426;-47,165;-49,585;4;4;2;2
9;Jele˜nia;1250;26;SE;125;3;31;93;38,93643324;25,01722297;479,7463144;27,4;Inne;Inne -magurska;1;Warstwy koluwialne;1,1724;9,4866;88,063;239,75;4;4;6;6
10;Wêgierska Górka;1050;19;SE;106;3;30;110;36,3858489;27,592595;859,8216116;29,8;Slaska;Slaska;0;Godulskie gorne;11,064;13,116;48,883;98,356;5;4;5;6
11;Wisˆa;620;7;NW;290;1;10;77;31,34568645;28,19969338;565,1628676;33,6;Slaska;Slaska;0;Istebnianskie dolne;7,8744;0,15997;-12,362;-58,523;5;4;4;2
12;Ujsoˆy;930;23;SE;140;3;31;105;37,74750701;31,26045182;733,6993614;32,8;Magurska;Magurska;1;Warstwy Magurskie;1,915;26,45;31,959;41,37;4;5;5;4
13;Ujsoˆy;875;24;SW;180;2;21;65;32,45663951;31,22763471;502,579672;38,8;Magurska;Magurska;1;Warstwy ˆ¥ckie;-16,089;9,4518;51,233;63,723;1;4;5;5
14;Wêgierska Górka;1290;14;NW;273;3;31;135;37,46385591;19,22273664;473,4886752;20,4;Slaska;Slaska;1;Godulskie gorne;14,015;68,145;152,28;272,05;6;6;6;6
15;Wêgierska Górka;855;7;SW;264;2;21;69;26,49974843;27,00657447;626,5298359;34,1;Magurska;Magurska;1;Piaskowce pasierbieckie;10,275;42,955;69,296;102,39;6;6;6;6
16;Wêgierska Górka;780;10;SE;93;2;21;97;41,56243797;35,70911036;430,1479499;37,2;Slaska;Slaska;1;Godulskie gorne;-5,3541;6,582;23,065;39,437;4;4;4;4
17;Ujsoˆy;905;24;SE;101;2;21;67;32,40438423;28,57068067;614,2956369;35,9;Magurska;Magurska;1;Warstwy Magurskie;-18,308;-47,949;-67,696;-60,283;1;1;1;2
18;Wêgierska Górka;950;26;NW;305;3;31;92;36,91641911;31,06633117;678,6336532;34,5;Slaska;Slaska;1;Godulskie gorne;;;;;;;;
19;Wêgierska Górka;690;21;SW;268;1;10;112;37,62673322;32,96718322;521,3610164;33,7;Slaska;Slaska;0;Godulskie gorne;-12,854;-52,475;-90,989;-82,685;1;1;1;1
20;Wêgierska Górka;965;8;NE;5;3;30;122;34,46243527;28,31869502;390,4118737;28,3;Slaska;Slaska;0;Istebnianskie dolne;16,936;46,083;52,799;119,67;6;6;6;6
21;Wêgierska Górka;990;16;NW;320;3;30;114;34,22515157;26,3886482;390,7102283;27,8;Slaska;Slaska;0;Godulskie dolne;-10,221;-25,606;-0,80432;55,074;2;2;4;5
22;Jele˜nia;1000;18;SW;195;3;31;76;32,59842646;27,80224598;659,0911528;35,3;Magurska;Magurska;1;Warstwy Magurskie;4,6594;29,289;66,642;93,115;4;5;6;5
23;Ujsoˆy;920;26;SW;185;2;21;101;35,19773856;31,37986309;706,6196199;33,9;Magurska;Magurska;1;Warstwy Magurskie;-20,858;-43,568;-25,742;29,554;1;1;4;4
24;Ujsoˆy;1205;27;SW;180;3;31;88;35,95510073;25,54591917;625,1407217;29,8;Magurska;Magurska;1;Warstwy Magurskie;2,7894;29,763;74,774;171,89;4;5;6;6
25;Wêgierska Górka;850;22;SE;154;2;20;130;37,03782562;31,57745702;485,0383916;31,5;Slaska;Slaska;0;Istebnianskie dolne;-19,189;-47,535;-51,273;29,245;1;1;1;5
26;Ujsoˆy;1030;15;NE;25;3;31;64;31,89616255;21,21198038;419,2337262;28,4;Magurska;Magurska;1;Warstwy Magurskie;2,6899;13,223;63,582;167,62;4;4;6;6
27;Wêgierska Górka;740;19;SW;180;1;10;135;30,06398039;26,98281826;504,3422441;26,5;Slaska;Slaska;0;Istebnianskie dolne;-11,32;-30,681;-34,291;-29,122;1;1;2;4
28;Wêgierska Górka;1100;22;SW;245;3;31;66;21,27908304;18,65425913;609,477031;26,2;Slaska;Slaska;1;Godulskie gorne;13,337;36,708;48,677;139,29;6;6;5;6
29;Wisˆa;740;10;NW;300;1;10;123;41,07033221;33,4148504;663,240716;33,4;Slaska;Slaska;0;Istebnianskie dolne;4,7847;39,165;72,411;69,976;4;6;6;5
30;Wêgierska Górka;900;19;SE;177;2;20;102;36,5332554;30,52806165;730,5700165;32,4;Slaska;Slaska;0;Istebnianskie dolne;21,161;54,343;89,683;130,8;6;6;6;6
31;Ujsoˆy;1195;15;SE;110;3;31;122;43,53876257;25,92893277;441,825467;26,7;Magurska;Magurska;1;Warstwy Magurskie;8,4063;25,597;66,868;174,05;5;5;6;6
32;Ujsoˆy;660;27;NE;0;1;11;82;32,00338188;31,74324311;361,6016732;35,6;Magurska;Magurska;1;Warstwy Magurskie;-4,3975;-25,799;-33,346;3,2769;4;2;2;4
33;Ujsoˆy;700;26;SE;90;1;11;95;41,1777077;37,28223578;817,7211875;39,3;Magurska;Magurska;1;Warstwy Magurskie;-3,3091;-3,9546;-5,8779;-14,169;4;4;4;4
34;Wisˆa;1045;12;SE;170;3;30;71;31,34274758;21,67513103;504,1605393;28,6;Slaska;Slaska;0;Istebnianskie dolne;12,509;27,642;45,253;127,8;6;5;5;6
35;Ujsoˆy;1080;14;SW;200;3;31;111;49,61619536;35,12875434;702,5619686;35,5;Magurska;Magurska;1;Warstwy Magurskie;4,5343;21,51;31,749;54,273;4;5;5;5
36;Wêgierska Górka;975;15;SE;130;3;30;68;31,67075651;23,75570665;375,5043142;30,9;Slaska;Slaska;0;Istebnianskie dolne;23,897;69,647;125,78;197,66;6;6;6;6
37;Wêgierska Górka;860;32;SW;216;2;20;134;39,16362127;31,41285394;733,4394237;31,3;Slaska;Slaska;0;Godulskie gorne;1,4675;-14,576;-38,225;-71,097;4;2;2;1
38;Wêgierska Górka;920;25;NW;354;2;20;71;29,86637503;25,40370483;763,3065957;32,5;Slaska;Slaska;0;Godulskie gorne;10,955;14,161;19,786;-27,611;5;4;4;4
39;Ujsoˆy;900;19;SW;265;2;21;78;33,68870519;29,37991497;696,4092158;33,8;Magurska;Magurska;1;Warstwy Magurskie;7,5059;65,549;89,058;55,587;5;6;6;5
40;Ujsoˆy;800;10;SW;180;2;21;118;57,50483071;40,86024451;817,8579053;40,9;Magurska;Magurska;1;Warstwy ˆ¥ckie;7,4439;1,5942;0,25201;-15,68;5;4;4;4
41;Jele˜nia;860;24;SW;225;2;21;112;42,35419626;32,92367267;698,6461597;33,8;Magurska;Magurska;1;Warstwy Magurskie;-6,2634;14,068;42,754;97,108;2;4;5;5
42;Wêgierska Górka;825;17;SW;220;2;20;109;35,89805009;30,49957453;790,8962475;31,4;Slaska;Slaska;0;Godulskie dolne;-3,8858;-25,516;-24,632;-10,938;2;1;2;4
43;Ujsoˆy;1005;5;SW;184;3;31;41;20,44446512;18,38827097;375,6833417;35,6;Magurska;Magurska;1;Warstwy Magurskie;5,2863;24,126;23,554;12,12;4;5;4;4
44;Ujsoˆy;740;24;SW;267;1;11;119;47,7481556;38,82097485;840,5661938;38,8;Magurska;Magurska;1;Warstwy Magurskie;-14,275;-41,988;-70,225;-136,79;1;1;1;1
45;Wêgierska Górka;720;13;SE;159;1;10;62;28,5525247;24,9792037;287,309422;33,5;Slaska;Slaska;0;Godulskie gorne;-15,475;-59,093;-105,39;-98,123;1;1;1;1
46;Wisˆa;650;22;NE;55;1;10;78;38,3700234;34,22514285;585,9490669;38,1;Slaska;Slaska;0;Godulskie gorne;12,885;3,5439;-16,387;-34,061;6;4;4;2
47;Ujsoˆy;760;17;NW;270;1;11;94;40,64135524;35,15827154;832,892702;37,6;Magurska;Magurska;1;Warstwy Magurskie;0,035828;27,479;42,434;20,026;4;5;5;4
48;Ujsoˆy;930;9;SW;195;3;31;42;25,03182974;21,30743213;394,9636861;37,2;Magurska;Magurska;1;Warstwy Magurskie;-17,413;-9,8363;-25,86;-54,006;1;4;4;2
49;Wêgierska Górka;1030;17;NE;65;3;30;102;30,12350577;23,25190865;382,7974949;25,3;Slaska;Slaska;0;Istebnianskie dolne;-4,4716;9,5289;35,081;88,592;4;4;5;6
50;Wêgierska Górka;1065;22;NE;79;3;30;70;25,39093342;18,4287814;291,5163797;24,6;Slaska;Slaska;0;Godulskie gorne;2,8112;13,494;62,921;124,58;4;4;6;6
51;Wisˆa;802;14;SW;200;2;20;122;45,6082036;35,48717459;873,0088184;35,9;Slaska;Slaska;0;Istebnianskie dolne;-0,22345;9,8729;47,596;84,709;4;4;5;6
52;Wêgierska Górka;1100;7;SE;121;3;30;112;25,69611514;16,38609608;398,7198567;18,3;Slaska;Slaska;0;Godulskie dolne;16,259;57,574;129,13;229,68;6;6;6;6
53;Wêgierska Górka;900;22;SW;260;2;20;114;35,82539004;30,22976648;722,037111;31,2;Slaska;Slaska;0;Godulskie dolne;-18,478;-48,795;-49,503;-15,385;1;1;1;4
54;Ujsoˆy;890;12;SE;90;2;21;73;31,93244289;29,87007766;685,9874086;36,6;Magurska;Magurska;1;Warstwy Magurskie;14,628;48,608;90,337;121,92;6;6;6;6
55;Wêgierska Górka;978;23;NE;80;3;30;110;33,62071696;25,70530319;491,4996598;27,7;Slaska;Slaska;0;Istebnianskie dolne;0,0094604;10,556;18,636;59,857;4;4;4;5
56;Ujsoˆy;880;19;SE;90;2;21;42;22,25109479;20,83554906;399,4465205;38,9;Magurska;Magurska;1;Warstwy ˆ¥ckie;12,767;45,625;43,149;67,699;6;6;5;5
57;Wêgierska Górka;1010;0;NE;0;3;30;60;24,08601869;17,69611051;343,0799177;26,8;Slaska;Slaska;0;Godulskie gorne;23,14;88,526;134,14;116,54;6;6;6;6
58;Ujsoˆy;810;23;SE;90;2;21;85;36,74940993;34,40608688;1083,955729;38,1;Magurska;Magurska;1;Warstwy Magurskie;5,865;-29,979;-48,427;-9,7363;4;2;2;4
59;Ujsoˆy;870;17;SE;158;2;21;65;33,74239244;29,27535603;499,7569387;36,3;Magurska;Magurska;1;Warstwy Magurskie;21,062;37,31;5,0088;-65,449;6;6;4;2
60;Wêgierska Górka;910;11;SE;154;2;20;88;30,79263981;28,72628326;687,4362764;32,6;Slaska;Slaska;0;Godulskie gorne;6,3918;23,64;82,773;30,741;5;5;6;5
61;Wêgierska Górka;940;13;SW;211;3;30;75;25,15454454;23,94457817;335,9906532;29,2;Slaska;Slaska;0;Istebnianskie dolne;7,0375;40,048;59,204;31,378;5;6;6;5
62;Wêgierska Górka;768;8;SE;175;1;10;89;36,22552547;29,65526515;487,3379984;33,2;Slaska;Slaska;0;Istebnianskie dolne;4,463;-6,2136;-34,234;-49,032;4;4;2;2
63;Wisˆa;825;13;NW;295;2;20;94;36,73933762;28,02209933;534,0375221;31;Slaska;Slaska;0;Istebnianskie dolne;-2,1913;7,3216;9,6318;1,9677;4;4;4;4
64;Ujsoˆy;785;32;SW;180;2;21;61;28,46102598;29,16835189;540,4783515;38;brak;Inne -magurska;1;Warstwy koluwialne;11,248;2,8754;-21,56;-11,277;5;4;4;4
65;Wisˆa;700;22;NE;5;1;10;82;33,25573635;32,17332344;473,0220929;36;Slaska;Slaska;0;Istebnianskie dolne;-3,3517;-13,126;-19,372;-13,601;4;4;4;4
66;Wêgierska Górka;680;20;NW;321;1;10;57;27,52125494;23,8122576;381,0297783;33,3;Slaska;Slaska;0;Godulskie gorne;1,1097;-28,827;-62,781;-45,369;4;1;1;2
67;Ujsoˆy;795;24;NE;12;2;21;97;43,40462085;37,36157042;926,7916601;39,6;Magurska;Magurska;1;Warstwy Magurskie;0,2558;-16,782;-10,392;-37,481;4;4;4;4
68;Wêgierska Górka;900;12;NE;12;2;20;111;29,37178756;28,34655191;621,7363381;29,9;Slaska;Slaska;0;Godulskie dolne;-9,7288;-35,18;-2,9612;43,676;2;1;4;5
69;Ujsoˆy;725;10;NE;0;1;11;62;38,05205816;33,72533365;635,9818749;41,4;Magurska;Magurska;1;Warstwy ˆ¥ckie;4,5161;-12,502;-21,297;-47,101;4;4;4;2
70;Wêgierska Górka;800;20;NW;274;2;20;81;24,66328904;25,01528626;429,9137025;31,1;Slaska;Slaska;0;Istebnianskie dolne;10,101;22,18;16,092;32,761;5;5;4;5
71;Ujsoˆy;770;16;NE;0;1;11;107;39,6405541;37,20770949;593,9475289;38,3;Magurska;Magurska;1;Warstwy Magurskie;-5,3752;-31,221;-46,838;-72,83;4;2;2;2
72;Wêgierska Górka;1120;18;SE;90;3;30;74;18,31951558;14,95805841;413,0722567;21,6;Slaska;Slaska;0;Godulskie dolne;21,448;58,865;120,35;250,65;6;6;6;6
73;Wêgierska Górka;1100;22;SE;114;3;30;99;29,85389058;22,82511751;423,6097833;25,5;Slaska;Slaska;0;Godulskie gorne;5,7764;42,215;93,946;155,04;4;6;6;6
74;Jele˜nia;1130;17;SW;254;3;31;125;47,51821966;31,78632919;839,5499351;32;Magurska;Magurska;1;Warstwy Magurskie;21,428;83,503;119,49;135,33;6;6;6;6
75;Ujsoˆy;1050;12;SW;180;3;31;77;37,77992605;28,49361439;458,7509262;33,3;Magurska;Magurska;1;Warstwy Magurskie;13,193;68,982;126,41;164,67;6;6;6;6
76;Wisˆa;615;15;SW;250;1;10;111;39,91628258;36,79777851;890,1752355;37,6;Slaska;Slaska;0;Godulskie gorne;22,21;45,46;21,426;-12,241;6;6;4;4
77;Wêgierska Górka;1070;20;SW;180;3;30;108;34,93873209;28,74799389;836,4694452;30,4;Slaska;Slaska;0;Istebnianskie dolne;2,2517;24,341;58,867;114,03;4;5;6;6
78;Wêgierska Górka;900;12;NE;13;2;20;79;29,24092859;27,00862055;586,9154661;31,9;Slaska;Slaska;0;Godulskie dolne;1,9658;3,8449;-7,8373;-17,054;4;4;4;4
79;Ujsoˆy;940;12;SW;260;3;31;75;34,2347985;28,65805607;837,591702;34,7;Magurska;Magurska;1;Warstwy Magurskie;10,477;46,35;39,998;-0,092651;5;6;5;4
80;Wêgierska Górka;1040;9,5;NE;46;3;30;98;40,09908099;27,12162064;687,6911818;29,3;Slaska;Slaska;0;Istebnianskie dolne;3,8218;6,5953;30,908;63,522;4;4;5;5
81;Wêgierska Górka;680;18;SW;245;1;11;40;16,42197038;15,58324267;144,417458;33,3;Magurska;Magurska;1;Piaskowce pasierbieckie;2,396;-29,26;-73,394;-55,962;4;1;1;2
82;Wêgierska Górka;905;13;SE;165;2;20;117;41,27736062;31,65937179;487,1044555;32,4;Slaska;Slaska;0;Godulskie dolne;10,372;3,7625;-28,8;-37,063;5;4;4;4
83;Ujsoˆy;725;17;NW;270;1;11;64;33,90477405;32,05397826;571,770096;40,2;Magurska;Magurska;1;Piaskowce pasierbieckie;-23,638;-54,743;-91,488;-172,61;1;1;1;1
84;Wêgierska Górka;940;30;NW;273;3;30;90;30,95153052;23,80607114;596,1157158;27,7;Slaska;Slaska;0;Istebnianskie dolne;1,0304;17,92;49,11;96,539;4;5;6;6
85;Ujsoˆy;900;11;NE;72;2;21;127;54,34857195;41,86171185;461,3392557;40,3;Magurska;Magurska;1;Warstwy Magurskie;-7,4313;-28,443;-50,434;-15,19;2;2;2;4
86;Ujsoˆy;1155;19;SW;185;3;31;55;23,85125573;18,88973947;356,3222936;30;Magurska;Magurska;1;Warstwy magurskie;;;;;;;;
87;Ujsoˆy;780;6;NW;270;2;21;79;37,17218802;32,13087775;630,0067165;36,9;Magurska;Magurska;1;Warstwy ˆ¥ckie;-5,132;-29,232;-64,731;-50,214;4;1;1;2
88;Ujsoˆy;645;30;SW;260;1;11;88;32,54163267;31,61252397;840,657337;35,4;Magurska;Magurska;1;Warstwy Magurskie;-6,1011;-40,553;-91,226;-129,8;4;1;1;1
89;Wêgierska Górka;1360;4;NW;277;3;31;136;33,43278705;12,76580847;204,2786098;11,8;Slaska;Slaska;1;Godulskie gorne;30,389;111,41;209,17;348,01;6;6;6;6
90;Wêgierska Górka;700;22;SE;162;1;10;116;31,54883833;31,87860002;710,9640452;33,9;Slaska;Slaska;0;Istebnianskie dolne;;;;;;;;
91;Wêgierska Górka;640;25;NE;4;1;11;60;27,5029414;26,00733602;387,7321156;35,1;Magurska;Magurska;1;Warstwy ropianieckie;-8,3057;-50,22;-87,119;-149,07;2;1;1;1
92;Wisˆa;1010;18;SW;200;3;30;73;26,84415339;20,37650183;318,7290354;26,1;Slaska;Slaska;0;Godulskie gorne;-3,7297;26,477;104,4;164,91;4;5;6;6
93;Wisˆa;765;20;NE;75;1;10;83;34,3548019;33,64995913;683,6938616;37,9;Slaska;Slaska;0;Godulskie gorne;-4,2647;-41,647;-55,516;0,86005;4;1;2;4
94;Wisˆa;941;15;NW;317;3;30;112;45,58909546;32,60884559;374,4881958;32,6;Slaska;Slaska;0;Istebnianskie dolne;14,304;54,952;81,548;90,183;6;6;6;6
95;Ujsoˆy;940;15;NE;10;3;31;65;29,52185185;28,1817002;613,1749952;37,1;Magurska;Magurska;1;Warstwy ˆ¥ckie;-6,1423;-32,361;-29,895;2,0944;4;2;4;4
96;Jele˜nia;1200;13;SE;135;3;31;104;23,69645799;20,31849356;465,7297953;23,2;Inne;Inne -magurska;1;Warstwy koluwialne;14,138;32,654;50,651;89,497;6;6;5;5
97;Wêgierska Górka;1180;34;SW;256;3;31;135;43,42698854;27,29185525;711,9519933;27,8;Slaska;Slaska;1;Godulskie gorne;-16,582;-25,672;32,638;150,8;1;2;5;6
98;Jele˜nia;870;11;NE;0;2;21;97;33,12399166;29,81110577;586,5470295;32,5;Magurska;Magurska;1;Warstwy Magurskie;-8,6023;-30,833;-34,361;-99,009;2;1;2;1
99;Wêgierska Górka;985;2;SE;140;3;30;57;26,69300782;20,47098337;320,4726549;29,7;Slaska;Slaska;0;Istebnianskie dolne;17,778;47,853;71,112;141,38;6;6;6;6
100;Wisˆa;1000;25;NW;290;3;30;76;28,34542105;23,06150249;427,2110797;28,9;Slaska;Slaska;0;Istebnianskie dolne;-3,5187;-15,109;10,593;82,57;4;2;4;5
101;Wêgierska Górka;900;12;NE;30;2;20;98;42,58917703;29,99270613;629,2904194;32,3;Slaska;Slaska;0;Godulskie dolne;-18,553;-39,839;-21,664;12,143;1;1;4;4
102;Wêgierska Górka;680;21;NW;313;1;11;68;32,09818642;29,84301368;449,2571405;36,3;Slaska;Slaska;1;Godulskie gorne;18,35;20,778;2,577;-48,145;6;5;4;4
103;Ujsoˆy;1020;5;SW;180;3;31;114;41,67235501;33,46014061;593,155249;33,8;Magurska;Magurska;1;Warstwy ˆ¥ckie;16,082;46,507;103,25;139,41;6;6;6;6
104;Ujsoˆy;1060;16;SE;165;3;31;120;49,99463655;33,78195744;549,1037035;33,3;Magurska;Magurska;1;Warstwy Magurskie;13,667;43,949;62,187;123,26;6;6;6;6
105;Wêgierska Górka;855;20;NW;297;2;21;77;30,21608016;29,22919482;483,1713123;34,1;Magurska;Magurska;1;Piaskowce pasierbieckie;5,3964;9,5719;41,034;76,373;5;4;5;6
106;Wêgierska Górka;710;23;SE;105;1;10;82;33,65585387;30,93964023;500,0700302;35,3;Slaska;Slaska;0;Godulskie gorne;-7,0492;-46,21;-99,478;-85,39;2;1;1;1
107;Wêgierska Górka;905;5;SE;170;2;20;72;28,52014201;24,76650381;513,7449104;31,1;Slaska;Slaska;0;Godulskie gorne;16,687;13,121;-52,124;-40,726;6;4;1;2
108;Wêgierska Górka;1000;24;NW;277;3;31;112;35,84275441;29,26702534;527,4115965;30,4;Magurska;Magurska;1;Piaskowce hieroglifowe;1,6636;-17,823;-25,308;-11,651;4;2;4;4
109;Jele˜nia;1040;26;SE;102;3;31;111;42,99971628;31,6612247;545,7146333;31,9;brak;Inne -magurska;1;Warstwy podmagurskie;3,651;18,783;-31,504;-20,639;4;5;4;4
110;Ujsoˆy;730;10;SE;170;1;11;72;34,95214774;31,55738038;550,7178113;37;Magurska;Magurska;1;Warstwy ˆ¥ckie;-3,2133;-30,502;-70,094;-141,27;4;2;1;1
111;Ujsoˆy;695;14;NW;318;1;11;97;37,25686178;36,37879344;571,1633391;38;Magurska;Magurska;1;Warstwy ˆ¥ckie;-13,253;-39,954;-73,091;-120,95;1;1;1;1
112;Wisˆa;950;30;NE;20;3;30;108;36,82945;30,54960917;649,9977014;31,5;Slaska;Slaska;0;Istebnianskie dolne;7,7745;24,861;28,801;29,314;5;5;5;4
113;Ujsoˆy;980;22;SE;130;3;31;93;41,32752854;32,46507354;839,733745;35,3;Magurska;Magurska;1;Warstwy Magurskie;3,7774;-10,537;-39,08;-11,003;4;4;2;4
114;Wêgierska Górka;785;6;SW;195;2;20;109;46,17096626;34,16084848;401,9347876;34,3;Slaska;Slaska;0;Godulskie dolne;-10,949;-36,302;-45,145;-56,445;1;1;1;2
115;Ujsoˆy;1050;20;NW;300;3;31;68;30,57003309;23,62364136;517,0292184;31,3;Magurska;Magurska;1;Warstwy Magurskie;6,4546;48,646;111,64;168,64;5;6;6;6
116;Ujsoˆy;770;15;SE;150;1;11;92;44,76399042;37,17111202;1141,768127;39,7;Magurska;Magurska;1;Warstwy Magurskie;-6,6677;-4,755;-7,9127;7,7723;2;4;4;4
117;Ujsoˆy;750;9;SW;240;1;11;45;25,10232002;23,97721923;375,1727985;39,1;Magurska;Magurska;1;Warstwy ˆ¥ckie;1,7564;-11,643;-32,509;-46,785;4;4;2;2
118;Wisˆa;983;17;NW;270;3;30;74;33,16180502;23,09806319;417,6439058;28,9;Slaska;Slaska;0;Istebnianskie dolne;1,664;-1,7344;15,168;72,098;4;4;4;5
119;Wêgierska Górka;780;10;SW;194;2;20;68;27,13810639;24,64232964;513,1000157;30,7;Slaska;Slaska;0;Istebnianskie dolne;-14,565;-48,389;-75,78;-131,27;1;1;1;1
120;Ujsoˆy;880;17;NW;270;2;21;63;32,12441275;28,67276807;589,2386107;37,6;Magurska;Magurska;1;warstwy biotytowe;0,20685;-4,0175;28,012;3,0206;4;4;4;4
121;Wêgierska Górka;760;14;NE;22;1;10;42;18,957534;20,39363807;219,2496789;36,3;Slaska;Slaska;0;Istebnianskie dolne;-3,2571;-7,9856;4,8145;-34,393;4;4;4;4
122;Wêgierska Górka;1210;26;NW;353;3;31;107;37,89108074;24,61513582;518,653661;26;Slaska;Slaska;1;Godulskie gorne;-29,702;-32,049;45,354;173;1;2;5;6
123;Wêgierska Górka;785;22;SE;152;2;20;54;26,72390172;24,90129824;333,2807287;34,6;Slaska;Slaska;0;Istebnianskie dolne;4,2314;-18,411;-63,296;4,4752;4;2;1;4
124;Jele˜nia;1120;13;NW;333;3;31;131;49,22615159;30,54284082;449,6208442;29,5;Magurska;Magurska;1;Warstwy Magurskie;-2,5386;-20,662;-61,101;-46,77;4;2;2;4
125;Wêgierska Górka;1100;14;SE;170;3;30;112;32,1588844;23,83847873;460,4896275;24,9;Slaska;Slaska;0;Godulskie dolne;-7,6394;0,31152;49,04;175,11;1;4;6;6
126;Wêgierska Górka;960;13,5;NW;358;3;30;114;33,54093685;28,20198572;508,0618873;30,2;Slaska;Slaska;0;Godulskie dolne;-2,4024;-34,093;-11,099;38,206;4;1;4;5
127;Wêgierska Górka;1170;10;SE;171;3;30;92;29,07392057;19,73739782;339,735161;23;Slaska;Slaska;0;Istebnianskie dolne;7,8588;35,404;98,263;221,28;5;6;6;6
128;Wêgierska Górka;845;20;SW;194;2;21;57;23,90905221;22,92435847;438,3875549;32,6;Magurska;Magurska;1;Piaskowce pasierbieckie;8,9304;39,365;56,408;91,792;5;6;6;6
129;Wêgierska Górka;865;5;NE;63;2;21;97;35,97489204;30,35012674;584,6388746;32,7;Magurska;Magurska;1;Piaskowce pasierbieckie;13,171;54,781;85,738;109,25;6;6;6;6
130;Ujsoˆy;800;8;NE;0;2;21;78;38,5466259;35,56160418;707,6576816;39,9;Magurska;Magurska;1;Warstwy ˆ¥ckie;3,4739;-4,4464;-16,475;-65,768;4;4;4;2
131;Jele˜nia;1015;11;NE;21;3;31;96;40,05144389;31,50075949;672,553577;33,9;Inne;Inne -magurska;1;Warstwy koluwialne;5,4456;13,279;-19,494;-30,193;4;4;4;4
132;Ujsoˆy;865;11;SW;192;2;21;83;38,97237728;33,18595953;620,3590651;36,5;Magurska;Magurska;1;Warstwy Magurskie;-5,7529;-12,821;-48,35;-87,405;4;4;2;2
133;Wêgierska Górka;1295;2;SW;269;3;31;77;21,89968867;14,86415539;293,214878;21,3;Slaska;Slaska;1;Godulskie gorne;21,389;82,653;170,06;243,47;6;6;6;6
134;Jele˜nia;1000;32;SW;265;3;31;111;31,51163365;26,91343392;568,580552;28,5;Magurska;Magurska;1;Warstwy Magurskie;10,146;38,188;50,942;99,119;6;6;6;6
135;Ujsoˆy;675;17;SE;90;1;11;84;36,70207468;33,00954366;786,6794463;37;Magurska;Magurska;1;Warstwy ˆ¥ckie;-13,066;-20,763;-52,934;-114,37;1;2;2;1
136;Wisˆa;540;15;NW;300;1;10;48;24,01527826;25,07415793;433,483249;39,2;Slaska;Slaska;0;Istebnianskie dolne;-25,467;-59,314;-88,481;-106,37;1;1;1;1
137;Wisˆa;740;20;NW;337;1;10;87;44,286298;34,9118766;498,5823168;37,2;Slaska;Slaska;0;Godulskie gorne;21,25;12,098;-11,498;-11,352;6;4;4;4
138;Wêgierska Górka;1210;17;NE;50;3;30;79;22,95084669;15,45059083;335,0151464;20;Slaska;Slaska;0;Godulskie dolne;15,515;72,514;187,28;340,97;6;6;6;6
139;Wêgierska Górka;980;12;NW;303;3;31;104;38,61169771;30,49749368;798,0914188;32,2;Magurska;Magurska;1;Piaskowce hieroglifowe;-7,7845;-53,734;-63,324;2,4357;2;1;2;4
140;Wêgierska Górka;1110;9;SE;155;3;30;91;32,71668425;20,20122913;308,4290323;24,2;Slaska;Slaska;0;Istebnianskie dolne;1,7877;14,441;48,943;160,79;4;4;5;6
141;Wêgierska Górka;1010;12;NW;350;3;31;58;28,13535606;24,05441395;530,706348;33,9;Magurska;Magurska;1;Piaskowce hieroglifowe;15,16;35,624;16,706;-12,253;6;6;4;4
142;Ujsoˆy;920;16;NE;10;2;21;77;32,6864066;29,67837363;644,7636738;34,7;Magurska;Magurska;1;Warstwy Magurskie;30,28;71,152;68,473;70,02;6;6;6;5
143;Wêgierska Górka;980;21;SE;107;3;30;123;47,51114656;35,66825852;737,0496692;35,4;Slaska;Slaska;0;Godulskie gorne;-4,3224;-23,917;-14,225;39,72;4;2;4;4
144;Wêgierska Górka;805;10;NE;50;2;20;59;23,99953804;22,06321647;358,0697336;32,6;Slaska;Slaska;0;Godulskie dolne;-16,586;-49,713;-110,73;-129,85;1;1;1;1
145;Ujsoˆy;850;14;SW;240;2;21;117;44,15514693;39,39172102;998,3902041;39,8;Magurska;Magurska;1;Warstwy Magurskie;2,6409;41,527;18,977;-56,048;4;6;4;2
146;Wisˆa;620;25;NW;340;1;10;140;56,46226616;44,80313855;578,7312671;43;Slaska;Slaska;0;Godulskie gorne;9,2348;28,623;1,9575;-21,667;5;5;4;4
147;Ujsoˆy;780;18;SW;180;2;21;102;37,04782116;35,3010457;651,3985679;36,6;Magurska;Magurska;1;Warstwy ˆ¥ckie;-21,365;-44,523;-52,581;-66,987;1;1;2;2
148;Wêgierska Górka;910;15;SE;175;2;20;120;34,16905032;28,47732406;762,4669615;29,9;Slaska;Slaska;0;Godulskie dolne;11,798;20,159;-14,893;-13,142;5;5;4;4
149;Wêgierska Górka;930;15;NE;45;3;31;87;35,66215548;30,7549213;416,0488228;34;Magurska;Magurska;1;Piaskowce hieroglifowe;11,241;34,478;12,923;33,439;5;6;4;4
150;Wisˆa;860;16;NE;50;2;20;83;31,68518824;28,44403172;597,6886435;34;Slaska;Slaska;0;Godulskie gorne;15,777;30,725;63,261;85,709;6;6;6;6
151;Wisˆa;830;25;SE;150;2;20;119;46,21204325;32,22090214;471,5209165;31,7;Slaska;Slaska;0;Istebnianskie dolne;-24,857;-48,989;-56,898;7,9684;1;1;1;4
152;Wisˆa;700;14;SW;251;1;10;77;35,52404417;31,36655885;632,2789339;36;Slaska;Slaska;0;Godulskie gorne;2,4931;10,015;22,203;-5,2932;4;4;4;4
153;Wisˆa;559;20;NW;270;1;10;134;40,59265364;35,32549326;346,2161975;34,3;Slaska;Slaska;0;Istebnianskie dolne;-2,6404;-13,44;-39,433;-62,074;4;4;2;2
154;Ujsoˆy;1070;28;NW;270;3;31;116;45,05652659;32,21759194;384,6842964;31,9;Magurska;Magurska;1;Warstwy Magurskie;5,7595;42,493;90,042;172,25;4;6;6;6
155;Wisˆa;725;17;NW;310;1;10;74;32,94045132;27,73611749;453,6446648;33,1;Slaska;Slaska;0;Istebnianskie dolne;-10,381;-26,977;-40,178;-70,003;2;2;2;2
156;Ujsoˆy;830;19;NE;15;2;21;117;43,53345961;39,81219662;1109,335991;40,2;Magurska;Magurska;1;Warstwy ˆ¥ckie;-28,552;-58,546;-71,499;-61,843;1;1;1;2
157;Ujsoˆy;735;13;SW;191;1;11;58;30,00219992;29,83907362;689,8581948;39;Magurska;Magurska;1;Warstwy Magurskie;-21,257;-52,845;-87,984;-122,22;1;1;1;1
158;Wêgierska Górka;940;23;SE;110;3;30;89;36,38997739;29,16875531;637,607882;32,8;Slaska;Slaska;0;Istebnianskie dolne;-9,4517;-48,885;-65,986;-42,711;2;1;1;2
159;Ujsoˆy;1030;8;SW;185;3;31;56;33,21122426;25,73813454;608,5803531;36,2;Magurska;Magurska;1;Warstwy Magurskie;2,9064;22,227;24,444;19,099;4;5;4;4
160;Ujsoˆy;750;19;SW;180;1;11;115;46,89519378;39,21217955;772,1027324;39,3;Magurska;Magurska;1;Warstwy Magurskie;-19,687;-56,083;-82,132;-134,04;1;1;1;1
161;Jele˜nia;955;5;NW;335;3;31;41;22,17742755;19,37678732;292,7202455;35,2;Magurska;Magurska;1;Warstwy Magurskie;5,1189;4,8961;-7,7319;-31,124;5;4;4;4
162;Ujsoˆy;1035;7;SE;111;3;31;62;29,08867781;22,46773959;391,0827935;31,2;Magurska;Magurska;1;Warstwy Magurskie;5,728;22,064;22,708;41,062;4;5;4;4
163;Wêgierska Górka;905;8;NE;20;2;20;85;38,70746052;29,39915114;716,9970577;33,1;Slaska;Slaska;0;Godulskie dolne;-12,491;-38,032;-59,332;-41,174;1;1;1;2
164;Wisˆa;615;14;SW;205;1;10;84;32,97923589;30,21351222;537,5044423;34,4;Slaska;Slaska;0;Godulskie gorne;-8,8671;-34,962;-74,025;-126,55;2;1;1;1
165;Wêgierska Górka;925;15,2;NW;355;2;20;108;38,95696087;30,67524735;414,3886548;31,4;Slaska;Slaska;0;Istebnianskie dolne;0,80005;-19,433;-37,319;-21,78;4;2;2;4
166;Ujsoˆy;980;18;NW;270;3;31;92;44,47248213;33,57357563;697,1927535;36,1;Magurska;Magurska;1;Warstwy ˆ¥ckie;-8,0893;-9,1085;12,787;83,894;2;4;4;5
167;Wêgierska Górka;845;15;SW;193;2;21;49;20,92093449;19,63931561;320,9663531;33,8;Magurska;Magurska;1;Warstwy ropianieckie;5,0842;19,552;21,598;-20,179;4;5;4;4
168;Wisˆa;895;17;SW;190;2;20;99;41,0037041;31,63552097;617,7169838;34;Slaska;Slaska;0;Istebnianskie dolne;-12,233;-33,167;-42,42;-19,987;1;1;2;4
169;Ujsoˆy;805;14;NE;0;2;21;76;38,50486518;33,86785667;513,368338;38,4;Magurska;Magurska;1;Warstwy ˆ¥ckie;-28,457;-83,286;-131,79;-150,8;1;1;1;1
170;Wêgierska Górka;970;15;NE;31;3;30;86;34,36758458;26,10099497;420,8078794;29,9;Slaska;Slaska;0;Istebnianskie dolne;5,4158;18,921;56,375;126,86;5;5;6;6
171;Wêgierska Górka;1170;30;NW;280;3;31;107;29,09061991;22,50398685;553,1230541;24,5;Slaska;Slaska;1;Godulskie gorne;-32,406;-76,054;-67,157;4,0759;1;1;1;4
173;Ujsoˆy;680;25;SW;190;1;11;79;33,05256303;31,63480674;642,6296241;36,4;Magurska;Magurska;1;Warstwy ropianieckie;-13,549;-45,698;-71,216;-95,858;1;1;1;1
174;Ujsoˆy;840;10;NE;85;2;21;62;25,48977282;24,88085993;538,5362788;33,9;Magurska;Magurska;1;Warstwy ropianieckie;5,5668;5,4443;-2,9122;-3,8034;4;4;4;4
175;Ujsoˆy;740;29;SE;140;1;11;114;42,73896619;36,71263771;863,6428905;38,1;Magurska;Magurska;1;Warstwy Magurskie;-6,6414;-32,254;-67,23;-98,863;4;2;1;1
176;Ujsoˆy;845;27;SW;260;2;21;68;32,02090984;27,69541358;643,3818962;34,6;Magurska;Magurska;1;Warstwy ˆ¥ckie;30,849;74,166;53,646;9,3156;6;6;5;4
177;Wisˆa;545;17;NW;320;1;10;73;32,09162923;31,48168104;503,8987202;37,3;Slaska;Slaska;0;Istebnianskie dolne;-1,4009;-28,569;-63,283;-62,28;4;2;1;2
178;Wêgierska Górka;810;19;SW;180;2;20;125;37,46389544;34,89477293;641,4031293;35,4;Slaska;Slaska;0;Istebnianskie dolne;7,0984;27,29;57,276;94,539;5;6;6;6
179;Wêgierska Górka;1025;23;NE;60;3;30;108;33,42622889;25,82480982;309,5560802;26,9;Slaska;Slaska;0;Istebnianskie dolne;-10,824;8,2616;45,569;71,036;2;4;5;5
180;Wêgierska Górka;920;13;SE;140;2;20;111;41,56060835;33,76617235;696,0160164;35,3;Slaska;Slaska;0;Istebnianskie dolne;6,4084;5,3421;-47,196;-61,276;5;4;1;2
181;Wisˆa;625;25;SE;140;1;10;141;43,05841962;37,13994102;297,3218377;35,1;Slaska;Slaska;0;Istebnianskie dolne;-15,042;-30,533;12,643;22,245;1;1;4;5
182;Wêgierska Górka;665;5;SW;181;1;10;81;44,44626868;35,00694971;596,6532432;39;Slaska;Slaska;0;Istebnianskie dolne;-16,363;-39,765;-69,405;-108,88;1;1;1;1
183;Wêgierska Górka;630;24;NE;58;1;10;92;34,13532872;33,81817285;420,3846135;37;Slaska;Slaska;0;Istebnianskie dolne;1,4382;-2,9394;-4,3997;-55,196;4;4;4;2
184;Wêgierska Górka;680;20;SE;109;1;10;62;32,10896292;27,74284816;683,0581975;36,7;Slaska;Slaska;0;Istebnianskie dolne;13,148;43,71;20,853;-14,478;6;6;4;4
185;Wêgierska Górka;550;19;SE;155;1;10;82;25,83446535;25,66909978;524,9509874;30,7;Slaska;Slaska;0;Istebnianskie dolne;-13,318;-27,551;-34,82;-65,631;1;2;2;2
186;Jele˜nia;1205;20;NW;310;3;31;85;27,07490155;19,53838333;465,4187877;23,9;Magurska;Magurska;1;Warstwy Magurskie;12,719;45,233;96,922;187,45;6;6;6;6
187;Jele˜nia;930;18;NW;305;3;31;75;37,12960783;30,56995062;544,5127723;35,6;Magurska;Magurska;1;Warstwy Magurskie;-30,574;-70,084;-115,8;-223,12;1;1;1;1
188;Ujsoˆy;1045;19;SW;193;3;31;99;32,94667245;27,00741532;652,5833296;30,1;Magurska;Magurska;1;Warstwy Magurskie;-3,5154;36,573;108,59;170,73;4;6;6;6
189;Ujsoˆy;750;11;SW;180;1;11;72;35,57881324;34,12311963;898,4227735;39,9;Magurska;Magurska;1;Warstwy podmagurskie;1,6095;-4,5574;-28,591;-85,073;4;4;4;2
190;Ujsoˆy;980;20;NE;20;3;31;77;37,14071216;31,51602465;797,869128;37,2;Magurska;Magurska;1;Warstwy ˆ¥ckie;-18,337;-39,296;-10,398;33,063;1;1;4;4
191;Wêgierska Górka;900;18;SE;162;2;20;88;31,5553482;28,60532973;743,7068648;32,6;Slaska;Slaska;0;Istebnianskie dolne;-25,418;-59,846;-48,684;12,397;1;1;1;4
192;Wêgierska Górka;795;24;SW;256;2;20;63;26,15348056;22,52682445;421,0034718;31,2;Slaska;Slaska;0;Godulskie gorne;-9,7355;-41,493;-13,087;-4,3575;2;1;4;4
193;Wêgierska Górka;1080;30;SW;263;3;31;127;33,22176567;25,22160169;553,0364765;26;Slaska;Slaska;1;Godulskie gorne;-0,79517;-26,776;-10,769;50,619;4;2;4;5
194;Wêgierska Górka;700;22;SE;153;1;10;91;29,98046189;27,30412924;621,5993845;31,1;Slaska;Slaska;0;Istebnianskie dolne;1,7203;-8,2501;11,764;48,218;4;4;4;5
195;Ujsoˆy;1175;7;SE;125;3;31;114;45,57370548;26,3784156;449,2755268;26,7;Magurska;Magurska;1;Warstwy Magurskie;19,726;49,647;65,569;131,81;6;6;6;6
196;Ujsoˆy;910;20;NW;270;2;21;130;50,61923934;37,31781777;576,2499907;36,4;Magurska;Magurska;1;Warstwy Magurskie;6,123;11,667;-22,059;-57,109;5;4;4;2
197;Wêgierska Górka;835;6;SW;193;2;20;86;41,73399198;31,00551675;574,7988898;34,3;Slaska;Slaska;0;Istebnianskie dolne;0,27338;-5,3958;-4,1689;-14,656;4;4;4;4
198;Wêgierska Górka;790;18;NE;65;2;21;58;31,83464631;28,83811701;363,107357;37,8;Slaska;Slaska;1;Godulskie gorne;-0,47223;16,518;38,914;37,885;4;4;5;4
199;Wêgierska Górka;1040;24;NW;355;3;31;122;39,35054637;26,77679048;484,2256398;27,1;Slaska;Slaska;1;Godulskie gorne;18,354;51,203;67,741;113,7;6;6;6;6
200;Wêgierska Górka;900;19;SW;265;2;20;75;30,80639919;26,93716373;799,3884956;32,5;Slaska;Slaska;0;Godulskie dolne;-17,185;-24,64;-33,937;-29,391;1;2;2;4
201;Wêgierska Górka;880;2;SW;202;2;21;108;30,60558944;25,42102034;814,5607996;28;Magurska;Magurska;1;Warstwy ropianieckie;2,7766;8,472;8,1265;-26,623;4;4;4;4
202;Wêgierska Górka;1060;15;NW;335;3;31;102;34,6943214;28,29617817;971,0694618;30,2;Magurska;Magurska;1;Piaskowce hieroglifowe;0,91699;1,0945;2,527;66,806;4;4;4;5
203;Jele˜nia;1005;16;SE;130;3;31;66;25,73944733;22,23848053;638,5788924;30,3;Inne;Inne -magurska;1;Warstwy koluwialne;22,309;67,552;104,96;188,64;6;6;6;6
204;Wisˆa;720;17;NW;270;1;10;65;25,24816825;24,85638097;627,9639803;34,3;Slaska;Slaska;0;Godulskie gorne;-8,2193;2,6791;-21,328;-73,543;2;4;4;1
205;Jele˜nia;875;10;NE;40;2;21;58;26,79101935;24,67542221;521,9100497;34,9;inne;Inne -magurska;1;Warstwy koluwialne;-1,9018;-33,083;-62,686;-117,98;4;2;2;1
206;Wêgierska Górka;910;11;NE;20;2;20;90;39,94299615;30,63175561;493,1717162;33,2;Slaska;Slaska;0;Istebnianskie dolne;-9,7859;-45,512;-16,277;66,191;2;1;4;6
207;Ujsoˆy;840;11;NE;37;2;21;138;45,53761632;38,37562983;548,900794;37,4;Magurska;Magurska;1;Warstwy ˆ¥ckie;-2,6902;-11,739;1,3086;-7,5541;4;4;4;4
208;Ujsoˆy;1030;22;NW;296;3;31;84;38,00709187;27,61453697;675,0080548;31,8;Magurska;Magurska;1;Warstwy Magurskie;5,8723;41,076;66,007;54,875;4;6;6;5
209;Wêgierska Górka;860;14;NW;325;2;21;98;45,39411045;35,74934926;503,8385761;37;Magurska;Magurska;1;Piaskowce pasierbieckie;-0,018127;-22,883;-45,485;-29,691;4;2;2;4
210;Wêgierska Górka;1000;6;SE;95;3;30;120;35,90352815;26,63761143;511,6786002;27,3;Slaska;Slaska;0;Istebnianskie dolne;17,133;47,282;79,517;151,99;6;6;6;6
211;Wêgierska Górka;1000;17;SE;141;3;30;117;38,92248707;30,39728554;749,5031699;31,4;Slaska;Slaska;0;Godulskie dolne;11,319;17,143;7,0095;49,307;5;4;4;5
212;Wêgierska Górka;620;19;NE;14;1;10;42;19,02434367;16,54072089;195,7281754;31,8;Slaska;Slaska;0;Godulskie dolne;18,63;-1,8074;-64,559;-122,36;6;4;1;1
213;Ujsoˆy;1090;14;SW;190;3;31;62;30,77567721;25,78822837;764,1685663;34,5;Magurska;Magurska;1;Warstwy Magurskie;-16,755;-28,555;-5,4585;49,258;1;2;4;4
214;Ujsoˆy;885;14;SW;180;2;21;138;52,42092458;41,8930299;519,9122789;40;Magurska;Magurska;1;Warstwy Magurskie;-12,798;-45,667;-82,771;-129,79;1;1;1;1
215;Wisˆa;590;20;SW;210;1;10;90;40,60427819;32,89234623;513,0770568;35;Slaska;Slaska;0;Istebnianskie dolne;-4,2908;-45,152;-88,826;-87,63;4;1;1;1
216;Ujsoˆy;740;15;NW;332;1;11;127;63,64403448;44,82277338;996,6786777;44,1;Magurska;Magurska;1;Warstwy Magurskie;-3,8156;-5,0403;-46,759;-106,99;4;4;2;1
217;Ujsoˆy;870;16;SE;170;2;21;105;43,06700873;38,69345345;932,0479859;40;Magurska;Magurska;1;Warstwy Magurskie;-19,29;-47,072;-15,175;-3,7435;1;1;4;4
218;Ujsoˆy;955;19;NW;356;3;31;127;46,45501734;36,05621806;588,9490291;35,9;Magurska;Magurska;1;Warstwy Magurskie;20,02;64,596;63,467;65,641;6;6;6;5
219;Wêgierska Górka;815;20;SW;188;2;20;117;41,86855281;34,2741797;740,3012245;34,4;Magurska;Magurska;0;Piaskowce pasierbieckie;-16,043;-32,204;8,2286;48,299;1;1;4;5
220;Wêgierska Górka;860;13;NE;60;2;20;127;48,54900731;34,71077363;547,105106;34,3;Slaska;Slaska;0;Godulskie dolne;-10,66;-31,887;-70,76;-85,494;2;1;1;1
221;Wisˆa;895;20;SW;210;2;20;116;53,06661337;35,327991;854,8860349;35,4;Slaska;Slaska;0;Istebnianskie dolne;-15,111;-45,593;-64,372;-54,702;1;1;1;2
222;Ujsoˆy;1100;16;SW;180;3;31;70;33,55305955;26,78650684;581,3536605;33,2;Magurska;Magurska;1;Warstwy Magurskie;-5,8344;-13,276;-20,001;11,705;4;4;4;4
223;Ujsoˆy;1085;12;NE;0;3;31;96;39,14580437;30,76521277;781,0265033;33,6;Magurska;Magurska;1;Warstwy Magurskie;-5,4174;0,072021;61,575;102,27;4;4;5;6
224;Ujsoˆy;1050;14;NW;280;3;31;92;33,8510685;27,78735969;511,2960967;31,6;Magurska;Magurska;1;Warstwy Magurskie;0,4519;-5,3545;-9,1367;72,797;4;4;4;5
225;Wêgierska Górka;600;12,7;NE;75;1;11;57;27,47921942;26,47703738;319,1245994;35,8;Magurska;Magurska;1;warstwy biotytowe;-10,698;-34,353;-71,177;-147,38;2;2;1;1
226;Wêgierska Górka;1115;26;NE;2;3;31;157;48,72849782;31,94973964;649,5728647;30,5;Slaska;Slaska;1;Godulskie gorne;-14,992;-37,135;3,9015;73,946;1;1;4;5
227;Wêgierska Górka;730;18;SE;173;1;10;77;30,52845092;26,46040726;371,3992911;31,1;Slaska;Slaska;0;Godulskie gorne;-7,826;-41,522;-96,793;-88,487;2;1;1;1
228;Jele˜nia;1225;16;NE;14;3;31;112;38,56456216;23,46753445;270,384384;23,5;Magurska;Magurska;1;Warstwy Magurskie;-0,87073;13,387;80,08;139,46;4;4;6;6
229;Wêgierska Górka;820;16;NW;308;2;21;77;27,04762261;25,47827313;223,6870303;30,1;Magurska;Magurska;1;Piaskowce pasierbieckie;10,719;21,959;26,475;51,623;6;5;5;5
230;Wêgierska Górka;850;5;NW;358;2;21;48;19,48413714;19,38681432;229,0821907;34,2;Magurska;Magurska;1;Warstwy podmagurskie;-8,9396;-40,582;-65,651;-111,33;2;1;1;1
231;Wêgierska Górka;1290;20;NW;282;3;31;107;25,08793701;14,69285417;204,720498;16,5;Slaska;Slaska;1;Godulskie gorne;5,4666;42,409;126,49;258,28;4;6;6;6
232;Wêgierska Górka;990;20;SE;156;3;30;120;44,64029783;33,67579954;706,0378931;33,8;Slaska;Slaska;0;Istebnianskie dolne;11,238;12,666;43,017;77,424;6;4;5;6
233;Ujsoˆy;670;11;NW;304;1;11;92;41,05886019;33,27950008;318,9227709;34,7;Magurska;Magurska;1;Warstwy ˆ¥ckie;-5,4044;-33,415;-71,094;-112,29;4;2;1;1
234;Ujsoˆy;980;20;NE;75;3;31;115;53,82745225;36,28320222;633,0603896;35,7;Magurska;Magurska;1;Warstwy Magurskie;-14,678;-21,885;-34,605;-34,099;1;2;2;4
235;Jele˜nia;925;10;NE;45;2;21;63;33,31274667;27,52060317;759,8012392;35,8;Magurska;Magurska;1;Warstwy Magurskie;6,2717;0,33282;-20,927;-63,486;5;4;2;2
236;Ujsoˆy;820;14;SE;178;2;21;76;35,11009894;30,83882355;710,2907755;35,7;Magurska;Magurska;1;Warstwy Magurskie;-2,7462;-30,66;-74,887;-128,93;4;2;1;1
237;Ujsoˆy;920;14;NW;270;2;21;114;37,496176;32,41444197;563,1240664;33,2;Magurska;Magurska;1;Warstwy ˆ¥ckie;9,4033;26,703;49,319;88,031;5;5;5;6
238;Ujsoˆy;955;27;NE;0;3;31;99;42,40037717;34,24629492;666,3847323;36,2;Magurska;Magurska;1;Warstwy Magurskie;-15,166;-20,888;-1,6834;30,501;1;2;4;4
239;Wêgierska Górka;655;22;SE;124;1;11;86;39,04095606;33,1632827;608,8111305;36,1;Slaska;Slaska;1;Godulskie gorne;-12,715;-30,572;-40,637;-73,697;1;2;2;2
240;Ujsoˆy;740;14;NW;325;1;11;97;46,36842316;37,67753955;698,1621424;39,2;Magurska;Podmagurska;1;Warstwy podmagurskie;-0,66339;-4,5315;-23,64;-66,169;4;4;4;2
241;Ujsoˆy;910;26;NE;0;2;21;89;40,94864444;34,80945184;610,4298625;37,6;Magurska;Magurska;1;Warstwy ˆ¥ckie;-3,3952;-25,03;-22,351;-11,275;4;2;4;4
242;Wêgierska Górka;850;17;NW;300;2;20;117;42,26773789;35,09687817;784,1143643;36,3;Slaska;Slaska;0;Godulskie dolne;;;;;;;;
243;Wêgierska Górka;1190;16;SE;170;3;30;77;16,82638724;13,45144516;424,7293851;18,9;Slaska;Slaska;0;Godulskie dolne;7,0426;51,865;154,04;314,29;6;6;6;6
244;Wêgierska Górka;965;24;NW;358;3;30;68;22,13852368;19,13510079;472,1733;27,2;Slaska;Slaska;0;Godulskie gorne;19,418;59,762;106,52;68,469;6;6;6;5
245;Wêgierska Górka;1130;6;SE;172;3;30;71;23,17618292;15,04982203;221,0141513;21,4;Slaska;Slaska;0;Godulskie gorne;12,691;57,137;115,99;178,69;6;6;6;6
246;Ujsoˆy;905;11;NE;0;2;21;124;51,93572951;41,27436714;797,0851906;40,6;Magurska;Magurska;1;Warstwy ˆ¥ckie;10,961;11,331;-13,693;15,92;5;4;4;4
247;Ujsoˆy;755;19;SW;184;1;11;81;39,2785282;33,90473515;662,3605769;37,2;Magurska;Magurska;1;Warstwy Magurskie;-4,9355;-14,296;-39,764;-81,649;4;4;2;2
248;Wêgierska Górka;1040;10;SW;220;3;30;119;38,08970406;27,3624214;424,6349276;27,3;Slaska;Slaska;0;Istebnianskie dolne;2,0884;27,438;67,438;114,16;4;6;6;6
249;Ujsoˆy;975;9;NW;270;3;31;96;42,74086647;31,49645912;702,1921534;33;Magurska;Magurska;1;Warstwy Magurskie;-12,123;3,8398;18,318;41,57;2;4;4;4
250;Wisˆa;920;11;SW;250;2;20;80;34,1200762;23,55892438;361,1574442;27,7;Slaska;Slaska;0;Godulskie gorne;11,369;34,434;68,418;136,57;5;6;6;6
